paperback,hardcover,audio/e-book,series
Paperback Business Books,Hardcover Fiction,E-Book Fiction,Series Books
Mass Market Paperback,Childrens Middle Grade Hardcover,Audio Fiction,
Middle Grade Paperback Monthly,Young Adult Hardcover,Childrens Middle Grade E-Book,
Young Adult Paperback Monthly,Hardcover Advice,Young Adult E-Book,
Childrens Middle Grade Paperback,Hardcover Business Books,E-Book Nonfiction,
Young Adult Paperback,Hardcover Graphic Books,Audio Nonfiction,
Paperback Advice,Hardcover Nonfiction,,
Paperback Books,Hardcover Political Books,,
Paperback Graphic Books,,,
Paperback Nonfiction,,,